COACH ENTRIES FOUND - 2025-08-24 17:53:13
============================================================

SCHOOL CONTEXT
----------------------------------------
University: Yeshiva University
Organization: Yeshiva University Athletics
State: New York

Total coaches found: 46

PARSED ENTRIES:
----------------------------------------
1. Xavier Alzate
   Email: xavier.alzate@yu.edu
   Username: xavier.alzate
   Sports: Strength & Conditioning
   Title: Men's Athletic Trainer/Strength and Conditioning Coach
   Original line: Xavier Alzate Men's Athletic Trainer/Strength and Conditioning Coach xavier.alzate@yu.edu 347-640-

2. Jeremy Renna
   Email: jeremy.renna@yu.edu
   Username: jeremy.renna
   Sports: Baseball
   Title: Head Coach
   Original line: Jeremy Renna Head Coach jeremy.renna@yu.edu

3. Elliot Steinmetz
   Email: elliot.steinmetz@yu.edu
   Username: elliot.steinmetz
   Sports: Baseball
   Title: Head Coach
   Original line: Elliot Steinmetz Head Coach elliot.steinmetz@yu.edu

4. Joseph Schwartz
   Email: joseph.schwartz@yu.edu
   Username: joseph.schwartz
   Sports: Baseball
   Title: Assistant Coach
   Original line: Joseph Schwartz Assistant Coach joseph.schwartz@yu.edu

5. Eli Katz
   Email: eliezer.katz@yu.edu
   Username: eliezer.katz
   Sports: Baseball
   Title: Assistant Coach
   Original line: Eli Katz Assistant Coach eliezer.katz@yu.edu

6. Yoni Cohen
   Email: jcohen8@yu.edu
   Username: jcohen8
   Sports: Baseball
   Title: Assistant Coach/Academic Liaison
   Original line: Yoni Cohen Assistant Coach/Academic Liaison jcohen8@yu.edu

7. Orri Cohen
   Email: orri.cohen@yu.edu
   Username: orri.cohen
   Sports: Baseball
   Title: Head Coach
   Original line: Orri Cohen Head Coach orri.cohen@yu.edu

8. Jason Helguero
   Email: jason.helguero@yu.edu
   Username: jason.helguero
   Sports: Baseball
   Title: Assistant Coach/Recruiting Coordinator
   Original line: Jason Helguero Assistant Coach/Recruiting Coordinator jason.helguero@yu.edu 516-864-

9. Miy Mahran
   Email: miy.mahran@yu.edu
   Username: miy.mahran
   Sports: Baseball
   Title: Head Coach
   Original line: Miy Mahran Head Coach miy.mahran@yu.edu

10. Alex Petrecca
   Email: alex.petrecca@yu.edu
   Username: alex.petrecca
   Sports: Baseball
   Title: Head Coach
   Original line: Alex Petrecca Head Coach alex.petrecca@yu.edu

11. Sarah Hiller
   Email: sarah.hiller@yu.edu
   Username: sarah.hiller
   Sports: Baseball
   Title: Assistant Coach
   Original line: Sarah Hiller Assistant Coach sarah.hiller@yu.edu

12. Peter Rosas
   Email: rosas@yu.edu
   Username: rosas
   Sports: Baseball
   Title: Head Coach
   Original line: Peter Rosas Head Coach rosas@yu.edu

13. Joshua Polster
   Email: joshua.polster@yu.edu
   Username: joshua.polster
   Sports: Baseball
   Title: Assistant Coach
   Original line: Joshua Polster Assistant Coach joshua.polster@yu.edu

14. Spencer Brasch
   Email: spencer.brasch@yu.edu
   Username: spencer.brasch
   Sports: Baseball
   Title: Head Coach
   Original line: Spencer Brasch Head Coach spencer.brasch@yu.edu

15. Sharone Huey
   Email: sharone.huey@yu.edu
   Username: sharone.huey
   Sports: Baseball
   Title: Assistant Coach/Foil
   Original line: Sharone Huey Assistant Coach/Foil sharone.huey@yu.edu

16. Chad Austein
   Email: chad.austein@yu.edu
   Username: chad.austein
   Sports: Baseball
   Title: Head Coach
   Original line: Chad Austein Head Coach chad.austein@yu.edu

17. Zef Kabashi
   Email: zef.kabashi@yu.edu
   Username: zef.kabashi
   Sports: Baseball
   Title: Head Coach
   Original line: Zef Kabashi Head Coach zef.kabashi@yu.edu

18. John Schatz
   Email: john.schatz@yu.edu
   Username: john.schatz
   Sports: Baseball
   Title: Assistant Coach
   Original line: John Schatz Assistant Coach john.schatz@yu.edu

19. Ryan Adeleye
   Email: ryan.adeleye@yu.edu
   Username: ryan.adeleye
   Sports: Baseball
   Title: Head Coach
   Original line: Ryan Adeleye Head Coach ryan.adeleye@yu.edu

20. Marc Zharnest
   Email: marc.zharnest@yu.edu
   Username: marc.zharnest
   Sports: Baseball
   Title: Assistant Coach
   Original line: Marc Zharnest Assistant Coach marc.zharnest@yu.edu

21. Melissa Curtis-Mapes
   Email: melissa.mapes@yu.edu
   Username: melissa.mapes
   Sports: Softball
   Title: Head Coach
   Original line: Melissa Curtis-Mapes Head Coach melissa.mapes@yu.edu

22. Erin Potasnick
   Email: erin.potasnick@yu.edu
   Username: erin.potasnick
   Sports: Softball
   Title: Assistant Coach
   Original line: Erin Potasnick Assistant Coach erin.potasnick@yu.edu

23. Sarah Hiller
   Email: sarah.hiller@yu.edu
   Username: sarah.hiller
   Sports: Softball
   Title: Assistant Coach
   Original line: Sarah Hiller Assistant Coach sarah.hiller@yu.edu

24. Jon Rubinstein
   Email: jon.rubinstein@yu.edu
   Username: jon.rubinstein
   Sports: Softball
   Title: Head Coach
   Original line: Jon Rubinstein Head Coach jon.rubinstein@yu.edu

25. Chris Chan
   Email: christopher.chan@yu.edu
   Username: christopher.chan
   Sports: Softball
   Title: Assistant Coach
   Original line: Chris Chan Assistant Coach christopher.chan@yu.edu

26. Ira Miller
   Email: ira.miller@yu.edu
   Username: ira.miller
   Sports: Softball
   Title: Head Coach
   Original line: Ira Miller Head Coach ira.miller@yu.edu

27. Batya Schreier-Tucker
   Email: batya.schreier@yu.edu
   Username: batya.schreier
   Sports: Softball
   Title: Head Coach
   Original line: Batya Schreier-Tucker Head Coach batya.schreier@yu.edu

28.  
   Email: 
   Username: 
   Sports: Baseball
   Title: Baseball Coach
   Note: No email found nearby; this entry will NOT be uploaded.
   Original line: Baseball Coach 1628

29. Zeke Information
   Email: ezekiel.warrenweigmann@yu.edu
   Username: ezekiel.warrenweigmann
   Sports: Soccer
   Title: Assistant Coach
   Original line: Eric Amkraut Assistant Coach ezekiel.warrenweigmann@yu.edu

30. Rob Kaplan-Sherman
   Email: 
   Username: rob.kaplan.sherman
   Sports: Soccer
   Title: Assistant Coach
   Original line: Rob Kaplan-Sherman Assistant Coach

31. Chaim Rosenberg
   Email: 
   Username: chaim.rosenberg
   Sports: Soccer
   Title: Assistant Coach
   Original line: Chaim Rosenberg Assistant Coach

32. Abie Rosow
   Email: 
   Username: abie.rosow
   Sports: Soccer
   Title: Assistant Coach
   Original line: Abie Rosow Assistant Coach

33. Adi Markovich
   Email: 
   Username: adi.markovich
   Sports: Soccer
   Title: Assistant Coach
   Original line: Adi Markovich Assistant Coach

34. Ron Ganulin
   Email: 
   Username: ron.ganulin
   Sports: Soccer
   Title: Assistant Coach
   Original line: Ron Ganulin Assistant Coach

35. Daniella Rothman
   Email: 
   Username: daniella.rothman
   Sports: Soccer
   Title: Assistant Coach
   Original line: Daniella Rothman Assistant Coach

36. Yuval Nitzan
   Email: 
   Username: yuval.nitzan
   Sports: Soccer
   Title: Assistant Coach
   Original line: Yuval Nitzan Assistant Coach

37. Naveh Menin
   Email: 
   Username: naveh.menin
   Sports: Soccer
   Title: Assistant Coach
   Original line: Naveh Menin Assistant Coach

38. Steven Lange
   Email: 
   Username: steven.lange
   Sports: Soccer
   Title: Assistant Coach
   Original line: Steven Lange Assistant Coach

39. Roberta Assisant
   Email: 
   Username: roberta.assisant
   Sports: Soccer
   Title: Roberta Gonzalez Assisant Coach
   Original line: Roberta Gonzalez Assisant Coach

40. Gabriel Fernandes
   Email: 
   Username: gabriel.fernandes
   Sports: Soccer
   Title: Assistant Coach
   Original line: Gabriel Fernandes Assistant Coach

41. Nina Yurovsky
   Email: 
   Username: nina.yurovsky
   Sports: Soccer
   Title: Assistant Coach
   Original line: Nina Yurovsky Assistant Coach

42. Jillian Serraro
   Email: 
   Username: jillian.serraro
   Sports: Soccer
   Title: Assistant Coach
   Original line: Jillian Serraro Assistant Coach

43. David Schwartz
   Email: 
   Username: david.schwartz
   Sports: Soccer
   Title: Assistant Coach
   Original line: David Schwartz Assistant Coach

44. Elliot Wegman
   Email: 
   Username: elliot.wegman
   Sports: Soccer
   Title: Assistant Coach
   Original line: Elliot Wegman Assistant Coach

45. Kenna Brooks
   Email: 
   Username: kenna.brooks
   Sports: Soccer
   Title: Assistant Coach
   Original line: Kenna Brooks Assistant Coach

46. Lavi Friedman
   Email: 
   Username: lavi.friedman
   Sports: Soccer
   Title: Assistant Coach
   Original line: Lavi Friedman Assistant Coach


============================================================
RAW LINES WITH 'COACH' KEYWORD:
----------------------------------------
• Xavier Alzate Men's Athletic Trainer/Strength and Conditioning Coach xavier.alzate@yu.edu 347-640-
• Jeremy Renna Head Coach jeremy.renna@yu.edu
• Elliot Steinmetz Head Coach elliot.steinmetz@yu.edu
• Joseph Schwartz Assistant Coach joseph.schwartz@yu.edu
• Eli Katz Assistant Coach eliezer.katz@yu.edu
• Yoni Cohen Assistant Coach/Academic Liaison jcohen8@yu.edu
• Orri Cohen Head Coach orri.cohen@yu.edu
• Jason Helguero Assistant Coach/Recruiting Coordinator jason.helguero@yu.edu 516-864-
• Miy Mahran Head Coach miy.mahran@yu.edu
• Alex Petrecca Head Coach alex.petrecca@yu.edu
• Sarah Hiller Assistant Coach sarah.hiller@yu.edu
• Peter Rosas Head Coach rosas@yu.edu
• Joshua Polster Assistant Coach joshua.polster@yu.edu
• Spencer Brasch Head Coach spencer.brasch@yu.edu
• Sharone Huey Assistant Coach/Foil sharone.huey@yu.edu
• Chad Austein Head Coach chad.austein@yu.edu
• Zef Kabashi Head Coach zef.kabashi@yu.edu
• John Schatz Assistant Coach john.schatz@yu.edu
• Ryan Adeleye Head Coach ryan.adeleye@yu.edu
• Marc Zharnest Assistant Coach marc.zharnest@yu.edu
• Melissa Curtis-Mapes Head Coach melissa.mapes@yu.edu
• Erin Potasnick Assistant Coach erin.potasnick@yu.edu
• Sarah Hiller Assistant Coach sarah.hiller@yu.edu
• Jon Rubinstein Head Coach jon.rubinstein@yu.edu
• Chris Chan Assistant Coach christopher.chan@yu.edu
• Ira Miller Head Coach ira.miller@yu.edu
• Batya Schreier-Tucker Head Coach batya.schreier@yu.edu
