COACH ENTRIES FOUND - 2025-09-02 14:37:59
============================================================

SCHOOL CONTEXT
----------------------------------------
University: Chatham University
Organization: Chatham University Athletics

Total coaches found: 51

PARSED ENTRIES:
----------------------------------------
1. Nic Rush
   Email: n.rush@chatham.edu
   Username: n.rush
   Sports: Baseball
   Title: Head Baseball Coach
   Original line: Nic Rush Head Baseball Coach n.rush@chatham.edu 412-365-

2. Mike Zito
   Email: m.zito@chatham.edu
   Username: m.zito
   Sports: Baseball
   Title: Assistant Baseball Coach/Recruiting Coordinator
   Original line: Mike Zito Assistant Baseball Coach/Recruiting Coordinator m.zito@chatham.edu 615-926-

3. David Saur
   Email: d.saur@chatham.edu
   Username: d.saur
   Sports: Basketball
   Title: Head Women's Basketball Coach
   Original line: David Saur Head Women's Basketball Coach d.saur@chatham.edu 412-365-

4. Olivia Barkley
   Email: O.Barkley@chatham.edu
   Username: O.Barkley
   Sports: Basketball
   Title: s Basketball Coach - Recruiting & Roster
   Original line: Olivia Barkley Assistant Women's Basketball Coach - Recruiting & Roster O.Barkley@chatham.edu 412-365-

5. Brittani Smith
   Email: brittani.smith@chatham.edu
   Username: brittani.smith
   Sports: Basketball
   Title: Assistant Women's Basketball Coach
   Original line: Brittani Smith Assistant Women's Basketball Coach - Offensive Coordinator brittani.smith@chatham.edu

6. Brian Baudinet
   Email: b.baudinet@chatham.edu
   Username: b.baudinet
   Sports: Basketball
   Title: Head Men's Basketball Coach
   Original line: Brian Baudinet Head Men's Basketball Coach b.baudinet@chatham.edu

7. Doug Caputo
   Email: d.caputo@chatham.edu
   Username: d.caputo
   Sports: Basketball
   Title: Assistant Men's Basketball Coach
   Original line: Doug Caputo Assistant Men's Basketball Coach d.caputo@chatham.edu

8. Hayley Butler
   Email: h.butler@chatham.edu
   Username: h.butler
   Sports: Basketball
   Title: Head Cheerleading Coach
   Original line: Hayley Butler Head Cheerleading Coach h.butler@chatham.edu

9. Rebecca Pennington
   Email: r.pennington@chatham.edu
   Username: r.pennington
   Sports: Cross Country
   Title: Head Cross Country Coach
   Original line: Rebecca Pennington Head Cross Country Coach r.pennington@chatham.edu 412-365-

10. Mike O'Grady
   Email: ogrady@chatham.edu
   Username: ogrady
   Sports: Cross Country
   Title: Head Women's Hockey Coach
   Original line: Mike O'Grady Head Women's Hockey Coach ogrady@chatham.edu 412-365-

11. Michael Gershon
   Email: m.gershon@chatham.edu
   Username: m.gershon
   Sports: Cross Country
   Title: Head Men's Hockey Coach
   Original line: Michael Gershon Head Men's Hockey Coach m.gershon@chatham.edu 412-365-

12. Billy Connelly
   Email: w.connelly@chatham.edu
   Username: w.connelly
   Sports: Cross Country
   Title: Associate Head Men's Hockey Coach
   Original line: Billy Connelly Associate Head Men's Hockey Coach w.connelly@chatham.edu 412-365-

13. Morgan Comport
   Email: m.comport@chatham.edu
   Username: m.comport
   Sports: Lacrosse
   Title: Head Women's Lacrosse Coach
   Original line: Morgan Comport Head Women's Lacrosse Coach m.comport@chatham.edu 412-365-

14. Kayla Platt
   Email: k.platt@chatham.edu
   Username: k.platt
   Sports: Lacrosse
   Title: Assistant Women's Lacrosse Coach
   Original line: Kayla Platt Assistant Women's Lacrosse Coach k.platt@chatham.edu 412-365-

15. Ali Wessel
   Email: a.wessel@chatham.edu
   Username: a.wessel
   Sports: Lacrosse
   Title: Assistant Women's Lacrosse Coach
   Original line: Ali Wessel Assistant Women's Lacrosse Coach a.wessel@chatham.edu 412-365-

16. Joe Conner
   Email: j.conner@chatham.edu
   Username: j.conner
   Sports: Lacrosse
   Title: Head Men's Lacrosse Coach
   Original line: Joe Conner Head Men's Lacrosse Coach j.conner@chatham.edu

17. Jacob Sivley
   Email: jacob.sivley@chatham.edu
   Username: jacob.sivley
   Sports: Lacrosse
   Title: Assistant Men's Lacrosse Coach
   Original line: Jacob Sivley Assistant Men's Lacrosse Coach jacob.sivley@chatham.edu 412-365-

18. Betsy Warren
   Email: bwarren@chatham.edu
   Username: bwarren
   Sports: Soccer
   Title: Head Women's Soccer Coach
   Original line: Betsy Warren Head Women's Soccer Coach bwarren@chatham.edu 412-365-

19. Nevena Gojak
   Email: nevena.gojak@chatham.edu
   Username: nevena.gojak
   Sports: Soccer
   Title: Assistant Women's Soccer Coach
   Original line: Nevena Gojak Assistant Women's Soccer Coach nevena.gojak@chatham.edu

20. Kere O'Donnell
   Email: soccer@chatham.edu
   Username: soccer
   Sports: Soccer
   Title: Assistant Women's Soccer Coach
   Original line: Kere O'Donnell '21 Assistant Women's Soccer Coach soccer@chatham.edu

21. Lindsey Pazdziorko
   Email: soccer@chatham.edu
   Username: soccer
   Sports: Soccer
   Title: Goalkeeping Coach
   Original line: Lindsey Pazdziorko Goalkeeping Coach soccer@chatham.edu

22. Keith Danley
   Email: k.danley@chatham.edu
   Username: k.danley
   Sports: Soccer
   Title: Head Men's Soccer Coach
   Original line: Keith Danley Head Men's Soccer Coach k.danley@chatham.edu 412-365-

23. Johnathan Swann
   Email: johnathan.swann@chatham.edu
   Username: johnathan.swann
   Sports: Soccer
   Title: Assistant Men's Soccer Coach
   Original line: Johnathan Swann Assistant Men's Soccer Coach johnathan.swann@chatham.edu

24. Kyle Robbins
   Email: k.robbins@chatham.edu
   Username: k.robbins
   Sports: Soccer
   Title: Assistant Men's Soccer Coach
   Original line: Kyle Robbins Assistant Men's Soccer Coach k.robbins@chatham.edu 412-365-

25. Patrick Hoffman
   Email: p.hoffman@chatham.edu
   Username: p.hoffman
   Sports: Soccer
   Title: Goalkeeping Coach
   Original line: Patrick Hoffman Goalkeeping Coach p.hoffman@chatham.edu

26. Michael Marsili
   Email: m.marsili@chatham.edu
   Username: m.marsili
   Sports: Softball
   Title: Head Softball Coach
   Original line: Michael Marsili Head Softball Coach m.marsili@chatham.edu 412-365-

27. Bryan Smith
   Email: r.smith@chatham.edu
   Username: r.smith
   Sports: Softball
   Title: Assistant Softball Coach
   Original line: Bryan Smith Assistant Softball Coach r.smith@chatham.edu

28. Ben Lesko
   Email: b.lesko@chatham.edu
   Username: b.lesko
   Sports: Softball
   Title: Assistant Softball Coach
   Original line: Ben Lesko Assistant Softball Coach b.lesko@chatham.edu

29. Yuri Franca
   Email: y.franca@chatham.edu
   Username: y.franca
   Sports: Softball
   Title: Head Women's & Men's Squash Coach
   Original line: Yuri Franca Head Women's & Men's Squash Coach y.franca@chatham.edu 413-468-

30. Swim 
   Email: v.galati@chatham.edu
   Username: v.galati
   Sports: Swimming
   Title: Vic Galati Interim Head Coach/Diving Coach/Assistant
   Original line: Vic Galati Interim Head Coach/Diving Coach/Assistant Swim Coach v.galati@chatham.edu 412-365-

31. Conlan Burd
   Email: c.burd@chatham.edu
   Username: c.burd
   Sports: Track & Field
   Title: Head Track and Field Coach
   Original line: Conlan Burd Head Track and Field Coach c.burd@chatham.edu

32. Jake Dindak
   Email: j.dindak@chatham.edu
   Username: j.dindak
   Sports: Track & Field
   Title: Assistant Coach
   Original line: Jake Dindak Assistant Coach, Sprints j.dindak@chatham.edu 412-365-

33. Christian Friday
   Email: c.friday@chatham.edu
   Username: c.friday
   Sports: Track & Field
   Title: Assistant Coach
   Original line: Christian Friday Assistant Coach, Hurdles c.friday@chatham.edu 412-365-

34. Marshall Hoebing
   Email: m.hoebing@chatham.edu
   Username: m.hoebing
   Sports: Track & Field
   Title: Assistant Coach
   Original line: Marshall Hoebing Assistant Coach, Throws m.hoebing@chatham.edu 412-365-

35. Joseph Bortak
   Email: j.bortak@chatham.edu
   Username: j.bortak
   Sports: Volleyball
   Title: Head Volleyball Coach
   Original line: Joseph Bortak Head Volleyball Coach j.bortak@chatham.edu 412-365-

36. Arden Fisher
   Email: a.fisher@chatham.edu
   Username: a.fisher
   Sports: Volleyball
   Title: Assistant Women's Volleyball Coach
   Original line: Arden Fisher Assistant Women's Volleyball Coach a.fisher@chatham.edu 412-365-

37. Joseph Bortak
   Email: j.bortak@chatham.edu
   Username: j.bortak
   Sports: Volleyball
   Title: Head Volleyball Coach
   Original line: Joseph Bortak Head Volleyball Coach j.bortak@chatham.edu 412-365-

38. Pat Durocher
   Email: P.Durocher@Chatham.edu
   Username: P.Durocher
   Sports: Volleyball
   Title: Head Women's Wrestling Coach
   Original line: Pat Durocher Head Women's Wrestling Coach P.Durocher@Chatham.edu 734-718-

39. Aaron McKinney
   Email: a.mckinney@chatham.edu
   Username: a.mckinney
   Sports: Baseball
   Title: Rob Julian Assistant Baseball Coach
   Original line: Rob Julian Assistant Baseball Coach a.mckinney@chatham.edu

40. Kayla Student
   Email: 
   Username: kayla.student
   Sports: Basketball
   Title: s Basketball Coach - Player
   Original line: Kayla Johnson Student Assistant Women's Basketball Coach - Player

41. CJ Jasper
   Email: 
   Username: cj.jasper
   Sports: Strength & Conditioning
   Title: CJ Jasper Strength and Conditioning Coach
   Original line: CJ Jasper Strength and Conditioning Coach 412-365-

42. Dr Liaison
   Email: m.hilborn@chatham.edu
   Username: m.hilborn
   Sports: Basketball
   Title: s Basketball Coach
   Original line: Jakim Donaldson Assistant Men's Basketball Coach m.hilborn@chatham.edu

43. Sara Krauseneck
   Email: 
   Username: sara.krauseneck
   Sports: Hockey
   Title: s Ice Hockey Coach
   Original line: Sara Krauseneck Assistant Women's Ice Hockey Coach

44. Joseph Tutro
   Email: 
   Username: joseph.tutro
   Sports: Hockey
   Title: s Ice Hockey Coach
   Original line: Joseph Tutro Assistant Women's Ice Hockey Coach

45. Matt Calas
   Email: 
   Username: matt.calas
   Sports: Hockey
   Title: s Hockey Coach
   Original line: Matt Calas '20 Assistant Men's Hockey Coach

46. Michael Goaltending
   Email: 
   Username: michael.goaltending
   Sports: Soccer
   Title: Michael Yaremko Goaltending Coach
   Original line: Michael Yaremko Goaltending Coach 412-365-

47. Josh Kelly
   Email: 
   Username: josh.kelly
   Sports: Lacrosse
   Title: s Lacrosse Coach
   Original line: Josh Kelly Assistant Men's Lacrosse Coach

48. Dr Liaison
   Email: ddelong@chatham.edu
   Username: ddelong
   Sports: Soccer
   Title: s Soccer Coach
   Original line: Kyla Kelley '20 '21 Assistant Women's Soccer Coach 412-365- ddelong@chatham.edu

49. Julie Bruening
   Email: 
   Username: julie.bruening
   Sports: Soccer
   Title: s Soccer Coach
   Original line: Julie Bruening '19 '21 Assistant Women's Soccer Coach 412-365-

50. CJ Jasper
   Email: 
   Username: cj.jasper
   Sports: Strength & Conditioning
   Title: CJ Jasper Strength and Conditioning Coach
   Original line: CJ Jasper Strength and Conditioning Coach

51. Allyssa Space
   Email: 
   Username: allyssa.space
   Sports: Softball
   Title: Allyssa Space Assistant Softball Coach
   Original line: Allyssa Space Assistant Softball Coach


============================================================
RAW LINES WITH 'COACH' KEYWORD:
----------------------------------------
• Nic Rush Head Baseball Coach n.rush@chatham.edu 412-365-
• Mike Zito Assistant Baseball Coach/Recruiting Coordinator m.zito@chatham.edu 615-926-
• David Saur Head Women's Basketball Coach d.saur@chatham.edu 412-365-
• Olivia Barkley Assistant Women's Basketball Coach - Recruiting & Roster O.Barkley@chatham.edu 412-365-
• Brittani Smith Assistant Women's Basketball Coach - Offensive Coordinator brittani.smith@chatham.edu
• Brian Baudinet Head Men's Basketball Coach b.baudinet@chatham.edu
• Doug Caputo Assistant Men's Basketball Coach d.caputo@chatham.edu
• Hayley Butler Head Cheerleading Coach h.butler@chatham.edu
• Rebecca Pennington Head Cross Country Coach r.pennington@chatham.edu 412-365-
• Mike O'Grady Head Women's Hockey Coach ogrady@chatham.edu 412-365-
• Michael Gershon Head Men's Hockey Coach m.gershon@chatham.edu 412-365-
• Billy Connelly Associate Head Men's Hockey Coach w.connelly@chatham.edu 412-365-
• Morgan Comport Head Women's Lacrosse Coach m.comport@chatham.edu 412-365-
• Kayla Platt Assistant Women's Lacrosse Coach k.platt@chatham.edu 412-365-
• Ali Wessel Assistant Women's Lacrosse Coach a.wessel@chatham.edu 412-365-
• Joe Conner Head Men's Lacrosse Coach j.conner@chatham.edu
• Jacob Sivley Assistant Men's Lacrosse Coach jacob.sivley@chatham.edu 412-365-
• Betsy Warren Head Women's Soccer Coach bwarren@chatham.edu 412-365-
• Nevena Gojak Assistant Women's Soccer Coach nevena.gojak@chatham.edu
• Kere O'Donnell '21 Assistant Women's Soccer Coach soccer@chatham.edu
• Lindsey Pazdziorko Goalkeeping Coach soccer@chatham.edu
• Keith Danley Head Men's Soccer Coach k.danley@chatham.edu 412-365-
• Johnathan Swann Assistant Men's Soccer Coach johnathan.swann@chatham.edu
• Kyle Robbins Assistant Men's Soccer Coach k.robbins@chatham.edu 412-365-
• Patrick Hoffman Goalkeeping Coach p.hoffman@chatham.edu
• Michael Marsili Head Softball Coach m.marsili@chatham.edu 412-365-
• Bryan Smith Assistant Softball Coach r.smith@chatham.edu
• Ben Lesko Assistant Softball Coach b.lesko@chatham.edu
• Yuri Franca Head Women's & Men's Squash Coach y.franca@chatham.edu 413-468-
• Vic Galati Interim Head Coach/Diving Coach/Assistant Swim Coach v.galati@chatham.edu 412-365-
• Conlan Burd Head Track and Field Coach c.burd@chatham.edu
• Jake Dindak Assistant Coach, Sprints j.dindak@chatham.edu 412-365-
• Christian Friday Assistant Coach, Hurdles c.friday@chatham.edu 412-365-
• Marshall Hoebing Assistant Coach, Throws m.hoebing@chatham.edu 412-365-
• Joseph Bortak Head Volleyball Coach j.bortak@chatham.edu 412-365-
• Arden Fisher Assistant Women's Volleyball Coach a.fisher@chatham.edu 412-365-
• Joseph Bortak Head Volleyball Coach j.bortak@chatham.edu 412-365-
• Pat Durocher Head Women's Wrestling Coach P.Durocher@Chatham.edu 734-718-
