COACH ENTRIES FOUND - 2025-08-24 17:49:18
============================================================

SCHOOL CONTEXT
----------------------------------------
University: Marist University
Organization: Marist University Athletics
State: New York

Total coaches found: 48

PARSED ENTRIES:
----------------------------------------
1. Aaron Suma
   Email: Aaron.Suma@Marist.edu
   Username: Aaron.Suma
   Sports: Strength & Conditioning
   Title: Head Strength and Conditioning Coach
   Original line: Aaron Suma Head Strength and Conditioning Coach Ext. Aaron.Suma@Marist.edu

2. Ben Fleet
   Email: Ben.Fleet@marist.edu
   Username: Ben.Fleet
   Sports: Strength & Conditioning
   Title: Assistant Strength and Conditioning Coach
   Original line: Ben Fleet Assistant Strength and Conditioning Coach Ben.Fleet@marist.edu

3. Lance Ratchford
   Email: Lance.Ratchford@Marist.edu
   Username: Lance.Ratchford
   Sports: Baseball
   Title: Head Coach
   Original line: Lance Ratchford Head Coach Ext. Lance.Ratchford@Marist.edu

4. Mike Coss
   Email: Michael.Coss1@marist.edu
   Username: Michael.Coss1
   Sports: Baseball
   Title: Head Coach
   Original line: Mike Coss '18 Associate Head Coach Ext. Michael.Coss1@marist.edu

5. Ray Sanchez
   Email: Raymond.sanchez@marist.edu
   Username: Raymond.sanchez
   Sports: Baseball
   Title: Assistant Coach
   Original line: Ray Sanchez Assistant Coach Raymond.sanchez@marist.edu

6. Niko Amory
   Email: Nikolas.amory1@marist.edu
   Username: Nikolas.amory1
   Sports: Baseball
   Title: Assistant Coach
   Original line: Niko Amory '22 Assistant Coach Nikolas.amory1@marist.edu

7. John Dunne
   Email: mens.basketball@marist.edu
   Username: mens.basketball
   Sports: Baseball
   Title: Head Coach
   Original line: John Dunne Head Coach Ext. mens.basketball@marist.edu

8. Dalip Bhatia
   Email: Dalip.Bhatia@Marist.edu
   Username: Dalip.Bhatia
   Sports: Baseball
   Title: Head Coach
   Original line: Dalip Bhatia Associate Head Coach Ext. Dalip.Bhatia@Marist.edu

9. Curtis Wilson
   Email: Curtis.Wilson@Marist.edu
   Username: Curtis.Wilson
   Sports: Baseball
   Title: Assistant Coach
   Original line: Curtis Wilson Assistant Coach Ext. Curtis.Wilson@Marist.edu

10. Brandon Hall
   Email: Brandon.Hall@Marist.edu
   Username: Brandon.Hall
   Sports: Baseball
   Title: Assistant Coach
   Original line: Brandon Hall Assistant Coach Ext. Brandon.Hall@Marist.edu

11. Dan Bozzelli
   Email: Dan.Bozzelli@Marist.edu
   Username: Dan.Bozzelli
   Sports: Baseball
   Title: Assistant Coach
   Original line: Dan Bozzelli Assistant Coach Ext. Dan.Bozzelli@Marist.edu

12. Erin Doughty
   Email: Erin.Doughty@marist.edu
   Username: Erin.Doughty
   Sports: Baseball
   Title: Head Coach
   Original line: Erin Doughty '06/'08M Head Coach Ext. Erin.Doughty@marist.edu

13. Nick Volchok
   Email: nick.volchok@marist.edu
   Username: nick.volchok
   Sports: Baseball
   Title: Assistant Coach
   Original line: Nick Volchok Assistant Coach Ext. nick.volchok@marist.edu

14. Moriah Crisp
   Email: Moriah.Crisp@marist.edu
   Username: Moriah.Crisp
   Sports: Baseball
   Title: Assistant Coach
   Original line: Moriah Crisp Assistant Coach Ext. Moriah.Crisp@marist.edu

15. Brittany Shields
   Email: brittany.shields@marist.edu
   Username: brittany.shields
   Sports: Baseball
   Title: Assistant Coach
   Original line: Brittany Shields Assistant Coach Ext. brittany.shields@marist.edu

16. Gabi Mendonca
   Email: gabriella.mendonca@marist.edu
   Username: gabriella.mendonca
   Sports: Baseball
   Title: Assistant Coach
   Original line: Gabi Mendonca Assistant Coach Ext. gabriella.mendonca@marist.edu

17. Tom Sanford
   Email: Tom.Sanford@marist.edu
   Username: Tom.Sanford
   Sports: Baseball
   Title: Director of Rowing, Head Coach
   Original line: Tom Sanford Director of Rowing, Head Coach - Women Ext. Tom.Sanford@marist.edu

18. Campbell Woods
   Email: Charles.Woods1@marist.edu
   Username: Charles.Woods1
   Sports: Baseball
   Title: '18M Head Coach
   Original line: Campbell Woods '18M Head Coach - Men Ext. Charles.Woods1@marist.edu

19. Marguerite McGahay
   Email: Marguerite.McGahay@marist.edu
   Username: Marguerite.McGahay
   Sports: Baseball
   Title: '25M Assistant Coach
   Original line: Marguerite McGahay '25M Assistant Coach - Women Ext. Marguerite.McGahay@marist.edu

20. Joshua Stratton
   Email: Joshua.Stratton1@Marist.edu
   Username: Joshua.Stratton1
   Sports: Baseball
   Title: Assistant Coach
   Original line: Joshua Stratton Assistant Coach - Men Ext. Joshua.Stratton1@Marist.edu

21. Kate Guinan
   Email: Kate.Guinan@Marist.edu
   Username: Kate.Guinan
   Sports: Baseball
   Title: Assistant Coach
   Original line: Kate Guinan Assistant Coach - Women Ext. Kate.Guinan@Marist.edu

22. Billy Poole-Harris
   Email: Billy.Poole-Harris@Marist.edu
   Username: Billy.Poole-Harris
   Sports: Baseball
   Title: Assistant Coach/Men's & Women's
   Original line: Billy Poole-Harris Assistant Coach/Men's & Women's Cross Country Billy.Poole-Harris@Marist.edu

23. Alisha Samuel
   Email: alisha.samuel@marist.edu
   Username: alisha.samuel
   Sports: Baseball
   Title: Assistant Coach/Men
   Original line: Alisha Samuel Assistant Coach/Men's and Women's Track & Ext. alisha.samuel@marist.edu

24. Mike Willis
   Email: football@marist.edu
   Username: football
   Sports: Football
   Title: Head Coach
   Original line: Mike Willis Head Coach Ext. football@marist.edu

25. Dave Scarcello
   Email: david.scarcello@marist.edu
   Username: david.scarcello
   Sports: Football
   Title: Head Coach
   Original line: Dave Scarcello '15 Head Coach Ext. david.scarcello@marist.edu

26. Tyler Perrelle
   Email: Tyler.Perrelle@marist.edu
   Username: Tyler.Perrelle
   Sports: Football
   Title: Assistant Coach
   Original line: Tyler Perrelle Assistant Coach Ext. Tyler.Perrelle@marist.edu

27. JD Colarusso
   Email: joseph.colarusso@marist.edu
   Username: joseph.colarusso
   Sports: Football
   Title: Assistant Coach
   Original line: JD Colarusso Assistant Coach Ext. joseph.colarusso@marist.edu

28. Keith Detelj
   Email: Keith.Detelj@Marist.edu
   Username: Keith.Detelj
   Sports: Football
   Title: Head Coach
   Original line: Keith Detelj '07 Head Coach Ext. Keith.Detelj@Marist.edu

29. Skylar McArthur
   Email: skylar.mcarthur@marist.edu
   Username: skylar.mcarthur
   Sports: Football
   Title: Assistant Coach
   Original line: Skylar McArthur Assistant Coach skylar.mcarthur@marist.edu

30. Matt Viggiano
   Email: Matt.Viggiano@marist.edu
   Username: Matt.Viggiano
   Sports: Football
   Title: Head Coach
   Original line: Matt Viggiano '99 Head Coach Ext. Matt.Viggiano@marist.edu

31. Ricky Cusano
   Email: richard.cusano@marist.edu
   Username: richard.cusano
   Sports: Football
   Title: Assistant Coach
   Original line: Ricky Cusano '05/'07M Assistant Coach Ext. richard.cusano@marist.edu

32. Rob Esposito
   Email: Robert.Esposito@marist.edu
   Username: Robert.Esposito
   Sports: Football
   Title: Assistant Coach
   Original line: Rob Esposito Assistant Coach Ext. Robert.Esposito@marist.edu

33. Nicole Ciano
   Email: nicole.pacapelli@marist.edu
   Username: nicole.pacapelli
   Sports: Football
   Title: Head Coach
   Original line: Nicole Pacapelli Ciano Head Coach Ext. nicole.pacapelli@marist.edu

34. Mackenzie Hanna
   Email: mackenzie.hanna@marist.edu
   Username: mackenzie.hanna
   Sports: Football
   Title: Assistant Coach
   Original line: Mackenzie Hanna Assistant Coach mackenzie.hanna@marist.edu

35. Joe Ausanio
   Email: joseph.ausanio@marist.edu
   Username: joseph.ausanio
   Sports: Softball
   Title: Head Coach
   Original line: Joe Ausanio Head Coach Ext. joseph.ausanio@marist.edu

36. Alyssa Grupp
   Email: Alyssa.Grupp1@Marist.edu
   Username: Alyssa.Grupp1
   Sports: Softball
   Title: Assistant Coach
   Original line: Alyssa Grupp '24 Assistant Coach Alyssa.Grupp1@Marist.edu

37. Anthony Randall
   Email: anthony.randall@marist.edu
   Username: anthony.randall
   Sports: Softball
   Title: Head Coach
   Original line: Anthony Randall Head Coach Ext. anthony.randall@marist.edu

38. Kyle O'Neil
   Email: neil@marist.edu
   Username: neil
   Sports: Softball
   Title: Assistant Coach
   Original line: Kyle O'Neil '96 Assistant Coach kyle.o'neil@marist.edu

39. Jim Billesimo
   Email: James.Billesimo1@Marist.edu
   Username: James.Billesimo1
   Sports: Softball
   Title: Assistant Coach
   Original line: Jim Billesimo Assistant Coach James.Billesimo1@Marist.edu

40. Sean Byron
   Email: Sean.Byron@Marist.edu
   Username: Sean.Byron
   Sports: Volleyball
   Title: Head Coach
   Original line: Sean Byron Head Coach Ext. Sean.Byron@Marist.edu

41. Paul Vink-Lainas
   Email: Paul.Vink-Lainas@marist.edu
   Username: Paul.Vink-Lainas
   Sports: Volleyball
   Title: Assistant Coach
   Original line: Paul Vink-Lainas Assistant Coach Ext. Paul.Vink-Lainas@marist.edu

42. Chris Vidale
   Email: Christopher.Vidale@marist.edu
   Username: Christopher.Vidale
   Sports: Volleyball
   Title: Head Coach
   Original line: Chris Vidale Head Coach Ext. Christopher.Vidale@marist.edu

43. Pete Colaizzo
   Email: Peter.Colaizzo@Marist.edu
   Username: Peter.Colaizzo
   Sports: Track & Field
   Title: Assistant Coach/Men
   Original line: Terry Horton Assistant Coach/Men's and Women's Track & Ext. Peter.Colaizzo@Marist.edu

44. To Announced
   Email: 
   Username: to.announced
   Sports: Soccer
   Title: Assistant Coach
   Original line: To Be Announced Assistant Coach

45. Zack Decker
   Email: 
   Username: zack.decker
   Sports: Soccer
   Title: Assistant Coach
   Original line: Zack Decker Assistant Coach

46. Ryan Kaplan
   Email: 
   Username: ryan.kaplan
   Sports: Soccer
   Title: Assistant Coach
   Original line: Ryan Kaplan '22 Assistant Coach

47. To Announced
   Email: 
   Username: to.announced
   Sports: Soccer
   Title: To Be Announced Diving Coach
   Original line: To Be Announced Diving Coach

48. Heather Rancourt
   Email: 
   Username: heather.rancourt
   Sports: Soccer
   Title: Assistant Coach
   Original line: Heather Rancourt Assistant Coach Ext.


============================================================
RAW LINES WITH 'COACH' KEYWORD:
----------------------------------------
• Aaron Suma Head Strength and Conditioning Coach Ext. Aaron.Suma@Marist.edu
• Ben Fleet Assistant Strength and Conditioning Coach Ben.Fleet@marist.edu
• Lance Ratchford Head Coach Ext. Lance.Ratchford@Marist.edu
• Mike Coss '18 Associate Head Coach Ext. Michael.Coss1@marist.edu
• Ray Sanchez Assistant Coach Raymond.sanchez@marist.edu
• Niko Amory '22 Assistant Coach Nikolas.amory1@marist.edu
• John Dunne Head Coach Ext. mens.basketball@marist.edu
• Dalip Bhatia Associate Head Coach Ext. Dalip.Bhatia@Marist.edu
• Curtis Wilson Assistant Coach Ext. Curtis.Wilson@Marist.edu
• Brandon Hall Assistant Coach Ext. Brandon.Hall@Marist.edu
• Dan Bozzelli Assistant Coach Ext. Dan.Bozzelli@Marist.edu
• Erin Doughty '06/'08M Head Coach Ext. Erin.Doughty@marist.edu
• Nick Volchok Assistant Coach Ext. nick.volchok@marist.edu
• Moriah Crisp Assistant Coach Ext. Moriah.Crisp@marist.edu
• Brittany Shields Assistant Coach Ext. brittany.shields@marist.edu
• Gabi Mendonca Assistant Coach Ext. gabriella.mendonca@marist.edu
• Tom Sanford Director of Rowing, Head Coach - Women Ext. Tom.Sanford@marist.edu
• Campbell Woods '18M Head Coach - Men Ext. Charles.Woods1@marist.edu
• Marguerite McGahay '25M Assistant Coach - Women Ext. Marguerite.McGahay@marist.edu
• Joshua Stratton Assistant Coach - Men Ext. Joshua.Stratton1@Marist.edu
• Kate Guinan Assistant Coach - Women Ext. Kate.Guinan@Marist.edu
• Billy Poole-Harris Assistant Coach/Men's & Women's Cross Country Billy.Poole-Harris@Marist.edu
• Alisha Samuel Assistant Coach/Men's and Women's Track & Ext. alisha.samuel@marist.edu
• Mike Willis Head Coach Ext. football@marist.edu
• Dave Scarcello '15 Head Coach Ext. david.scarcello@marist.edu
• Tyler Perrelle Assistant Coach Ext. Tyler.Perrelle@marist.edu
• JD Colarusso Assistant Coach Ext. joseph.colarusso@marist.edu
• Keith Detelj '07 Head Coach Ext. Keith.Detelj@Marist.edu
• Skylar McArthur Assistant Coach skylar.mcarthur@marist.edu
• Matt Viggiano '99 Head Coach Ext. Matt.Viggiano@marist.edu
• Ricky Cusano '05/'07M Assistant Coach Ext. richard.cusano@marist.edu
• Rob Esposito Assistant Coach Ext. Robert.Esposito@marist.edu
• Nicole Pacapelli Ciano Head Coach Ext. nicole.pacapelli@marist.edu
• Mackenzie Hanna Assistant Coach mackenzie.hanna@marist.edu
• Joe Ausanio Head Coach Ext. joseph.ausanio@marist.edu
• Alyssa Grupp '24 Assistant Coach Alyssa.Grupp1@Marist.edu
• Anthony Randall Head Coach Ext. anthony.randall@marist.edu
• Kyle O'Neil '96 Assistant Coach kyle.o'neil@marist.edu
• Jim Billesimo Assistant Coach James.Billesimo1@Marist.edu
• Sean Byron Head Coach Ext. Sean.Byron@Marist.edu
• Paul Vink-Lainas Assistant Coach Ext. Paul.Vink-Lainas@marist.edu
• Chris Vidale Head Coach Ext. Christopher.Vidale@marist.edu
